"tide_time","v","station"
2021-01-01 11:56:00,"11.643","8413320"
2021-01-02 00:31:00,"10.348","8413320"
2021-01-02 12:38:00,"11.639","8413320"
2021-01-03 01:14:00,"10.467","8413320"
2021-01-03 13:23:00,"11.527","8413320"
2021-01-04 02:00:00,"10.593","8413320"
2021-01-04 14:13:00,"11.299","8413320"
2021-01-05 02:50:00,"10.727","8413320"
2021-01-05 15:07:00,"10.983","8413320"
2021-01-06 03:44:00,"10.88","8413320"
2021-01-06 16:07:00,"10.647","8413320"
2021-01-07 04:42:00,"11.07","8413320"
2021-01-07 17:12:00,"10.391","8413320"
2021-01-08 05:42:00,"11.321","8413320"
2021-01-08 18:18:00,"10.299","8413320"
2021-01-09 06:44:00,"11.636","8413320"
2021-01-09 19:23:00,"10.389","8413320"
2021-01-10 07:43:00,"11.983","8413320"
2021-01-10 20:25:00,"10.599","8413320"
2021-01-11 08:40:00,"12.299","8413320"
2021-01-11 21:22:00,"10.831","8413320"
2021-01-12 09:35:00,"12.512","8413320"
2021-01-12 22:15:00,"11.0","8413320"
2021-01-13 10:26:00,"12.57","8413320"
2021-01-13 23:05:00,"11.058","8413320"
2021-01-14 11:16:00,"12.445","8413320"
2021-01-14 23:53:00,"10.994","8413320"
2021-01-15 12:05:00,"12.143","8413320"
2021-01-16 00:40:00,"10.829","8413320"
2021-01-16 12:52:00,"11.692","8413320"
2021-01-17 01:27:00,"10.598","8413320"
2021-01-17 13:40:00,"11.134","8413320"
2021-01-18 02:13:00,"10.338","8413320"
2021-01-18 14:28:00,"10.522","8413320"
2021-01-19 03:00:00,"10.084","8413320"
2021-01-19 15:18:00,"9.916","8413320"
2021-01-20 03:49:00,"9.869","8413320"
2021-01-20 16:12:00,"9.384","8413320"
2021-01-21 04:40:00,"9.725","8413320"
2021-01-21 17:08:00,"8.994","8413320"
2021-01-22 05:32:00,"9.686","8413320"
2021-01-22 18:07:00,"8.8","8413320"
2021-01-23 06:25:00,"9.778","8413320"
2021-01-23 19:03:00,"8.814","8413320"
2021-01-24 07:17:00,"10.004","8413320"
2021-01-24 19:56:00,"9.0","8413320"
2021-01-25 08:05:00,"10.341","8413320"
2021-01-25 20:43:00,"9.295","8413320"
2021-01-26 08:50:00,"10.746","8413320"
2021-01-26 21:27:00,"9.647","8413320"
2021-01-27 09:33:00,"11.175","8413320"
2021-01-27 22:07:00,"10.017","8413320"
2021-01-28 10:14:00,"11.577","8413320"
2021-01-28 22:47:00,"10.385","8413320"
2021-01-29 10:54:00,"11.902","8413320"
2021-01-29 23:27:00,"10.734","8413320"
2021-01-30 11:36:00,"12.1","8413320"
2021-01-31 00:08:00,"11.042","8413320"
2021-01-31 12:20:00,"12.128","8413320"
2021-02-01 00:50:00,"11.284","8413320"
2021-02-01 13:06:00,"11.96","8413320"
2021-02-02 01:36:00,"11.433","8413320"
2021-02-02 13:55:00,"11.602","8413320"
2021-02-03 02:25:00,"11.47","8413320"
2021-02-03 14:49:00,"11.101","8413320"
2021-02-04 03:19:00,"11.406","8413320"
2021-02-04 15:49:00,"10.552","8413320"
2021-02-05 04:17:00,"11.287","8413320"
2021-02-05 16:55:00,"10.091","8413320"
2021-02-06 05:21:00,"11.204","8413320"
2021-02-06 18:05:00,"9.852","8413320"
2021-02-07 06:27:00,"11.243","8413320"
2021-02-07 19:13:00,"9.883","8413320"
2021-02-08 07:32:00,"11.425","8413320"
2021-02-08 20:16:00,"10.118","8413320"
2021-02-09 08:32:00,"11.689","8413320"
2021-02-09 21:13:00,"10.429","8413320"
2021-02-10 09:27:00,"11.927","8413320"
2021-02-10 22:04:00,"10.706","8413320"
2021-02-11 10:17:00,"12.052","8413320"
2021-02-11 22:50:00,"10.886","8413320"
2021-02-12 11:03:00,"12.013","8413320"
2021-02-12 23:34:00,"10.948","8413320"
2021-02-13 11:47:00,"11.8","8413320"
2021-02-14 00:15:00,"10.9","8413320"
2021-02-14 12:29:00,"11.437","8413320"
2021-02-15 00:55:00,"10.762","8413320"
2021-02-15 13:11:00,"10.96","8413320"
2021-02-16 01:34:00,"10.557","8413320"
2021-02-16 13:53:00,"10.413","8413320"
2021-02-17 02:15:00,"10.303","8413320"
2021-02-17 14:37:00,"9.842","8413320"
2021-02-18 02:57:00,"10.025","8413320"
2021-02-18 15:25:00,"9.301","8413320"
2021-02-19 03:44:00,"9.758","8413320"
2021-02-19 16:17:00,"8.855","8413320"
2021-02-20 04:36:00,"9.563","8413320"
2021-02-20 17:15:00,"8.581","8413320"
2021-02-21 05:32:00,"9.518","8413320"
2021-02-21 18:16:00,"8.543","8413320"
2021-02-22 06:30:00,"9.684","8413320"
2021-02-22 19:14:00,"8.753","8413320"
2021-02-23 07:25:00,"10.063","8413320"
2021-02-23 20:06:00,"9.16","8413320"
2021-02-24 08:16:00,"10.597","8413320"
2021-02-24 20:53:00,"9.697","8413320"
2021-02-25 09:03:00,"11.194","8413320"
2021-02-25 21:36:00,"10.299","8413320"
2021-02-26 09:47:00,"11.758","8413320"
2021-02-26 22:18:00,"10.907","8413320"
2021-02-27 10:31:00,"12.202","8413320"
2021-02-27 22:59:00,"11.462","8413320"
2021-02-28 11:15:00,"12.452","8413320"
2021-02-28 23:42:00,"11.906","8413320"
2021-03-01 12:01:00,"12.461","8413320"
2021-03-02 00:26:00,"12.18","8413320"
2021-03-02 12:48:00,"12.217","8413320"
2021-03-03 01:12:00,"12.245","8413320"
2021-03-03 13:39:00,"11.748","8413320"
2021-03-04 02:02:00,"12.091","8413320"
2021-03-04 14:34:00,"11.125","8413320"
2021-03-05 02:57:00,"11.757","8413320"
2021-03-05 15:35:00,"10.467","8413320"
2021-03-06 03:57:00,"11.342","8413320"
2021-03-06 16:43:00,"9.931","8413320"
2021-03-07 05:05:00,"10.998","8413320"
2021-03-07 17:54:00,"9.666","8413320"
2021-03-08 06:15:00,"10.866","8413320"
2021-03-08 19:04:00,"9.718","8413320"
2021-03-09 07:22:00,"10.972","8413320"
2021-03-09 20:06:00,"9.998","8413320"
2021-03-10 08:23:00,"11.214","8413320"
2021-03-10 21:01:00,"10.36","8413320"
2021-03-11 09:16:00,"11.45","8413320"
2021-03-11 21:48:00,"10.688","8413320"
2021-03-12 10:04:00,"11.581","8413320"
2021-03-12 22:31:00,"10.92","8413320"
2021-03-13 10:47:00,"11.561","8413320"
2021-03-13 23:10:00,"11.038","8413320"
2021-03-14 12:27:00,"11.391","8413320"
2021-03-15 00:46:00,"11.046","8413320"
2021-03-15 13:05:00,"11.099","8413320"
2021-03-16 01:22:00,"10.956","8413320"
2021-03-16 13:42:00,"10.716","8413320"
2021-03-17 01:57:00,"10.782","8413320"
2021-03-17 14:21:00,"10.277","8413320"
2021-03-18 02:33:00,"10.538","8413320"
2021-03-18 15:01:00,"9.811","8413320"
2021-03-19 03:12:00,"10.243","8413320"
2021-03-19 15:44:00,"9.353","8413320"
2021-03-20 03:56:00,"9.934","8413320"
2021-03-20 16:33:00,"8.954","8413320"
2021-03-21 04:46:00,"9.675","8413320"
2021-03-21 17:29:00,"8.687","8413320"
2021-03-22 05:42:00,"9.556","8413320"
2021-03-22 18:29:00,"8.643","8413320"
2021-03-23 06:43:00,"9.667","8413320"
2021-03-23 19:29:00,"8.877","8413320"
2021-03-24 07:43:00,"10.036","8413320"
2021-03-24 20:25:00,"9.374","8413320"
2021-03-25 08:39:00,"10.603","8413320"
2021-03-25 21:15:00,"10.058","8413320"
2021-03-26 09:30:00,"11.254","8413320"
2021-03-26 22:01:00,"10.836","8413320"
2021-03-27 10:19:00,"11.864","8413320"
2021-03-27 22:46:00,"11.607","8413320"
2021-03-28 11:06:00,"12.327","8413320"
2021-03-28 23:30:00,"12.27","8413320"
2021-03-29 11:53:00,"12.565","8413320"
2021-03-30 00:14:00,"12.735","8413320"
2021-03-30 12:41:00,"12.538","8413320"
2021-03-31 01:01:00,"12.936","8413320"
2021-03-31 13:31:00,"12.249","8413320"
2021-04-01 01:49:00,"12.845","8413320"
2021-04-01 14:24:00,"11.744","8413320"
2021-04-02 02:41:00,"12.485","8413320"
2021-04-02 15:21:00,"11.111","8413320"
2021-04-03 03:38:00,"11.938","8413320"
2021-04-03 16:23:00,"10.477","8413320"
2021-04-04 04:41:00,"11.342","8413320"
2021-04-04 17:31:00,"9.993","8413320"
2021-04-05 05:51:00,"10.872","8413320"
2021-04-05 18:42:00,"9.785","8413320"
2021-04-06 07:02:00,"10.656","8413320"
2021-04-06 19:49:00,"9.872","8413320"
2021-04-07 08:09:00,"10.69","8413320"
2021-04-07 20:49:00,"10.155","8413320"
2021-04-08 09:08:00,"10.852","8413320"
2021-04-08 21:41:00,"10.501","8413320"
2021-04-09 09:59:00,"11.013","8413320"
2021-04-09 22:25:00,"10.812","8413320"
2021-04-10 10:45:00,"11.09","8413320"
2021-04-10 23:05:00,"11.037","8413320"
2021-04-11 11:26:00,"11.057","8413320"
2021-04-11 23:42:00,"11.158","8413320"
2021-04-12 12:04:00,"10.921","8413320"
2021-04-13 00:16:00,"11.176","8413320"
2021-04-13 12:40:00,"10.704","8413320"
2021-04-14 00:49:00,"11.102","8413320"
2021-04-14 13:16:00,"10.429","8413320"
2021-04-15 01:23:00,"10.947","8413320"
2021-04-15 13:53:00,"10.116","8413320"
2021-04-16 01:58:00,"10.728","8413320"
2021-04-16 14:31:00,"9.786","8413320"
2021-04-17 02:36:00,"10.47","8413320"
2021-04-17 15:13:00,"9.464","8413320"
2021-04-18 03:19:00,"10.206","8413320"
2021-04-18 15:59:00,"9.193","8413320"
2021-04-19 04:07:00,"9.987","8413320"
2021-04-19 16:51:00,"9.034","8413320"
2021-04-20 05:01:00,"9.879","8413320"
2021-04-20 17:48:00,"9.07","8413320"
2021-04-21 06:01:00,"9.952","8413320"
2021-04-21 18:47:00,"9.364","8413320"
2021-04-22 07:03:00,"10.242","8413320"
2021-04-22 19:43:00,"9.919","8413320"
2021-04-23 08:02:00,"10.713","8413320"
2021-04-23 20:36:00,"10.669","8413320"
2021-04-24 08:57:00,"11.271","8413320"
2021-04-24 21:26:00,"11.503","8413320"
2021-04-25 09:50:00,"11.8","8413320"
2021-04-25 22:14:00,"12.295","8413320"
2021-04-26 10:41:00,"12.197","8413320"
2021-04-26 23:01:00,"12.926","8413320"
2021-04-27 11:32:00,"12.39","8413320"
2021-04-27 23:48:00,"13.301","8413320"
2021-04-28 12:23:00,"12.346","8413320"
2021-04-29 00:38:00,"13.369","8413320"
2021-04-29 13:15:00,"12.077","8413320"
2021-04-30 01:29:00,"13.131","8413320"
2021-04-30 14:10:00,"11.633","8413320"
2021-05-01 02:24:00,"12.645","8413320"
2021-05-01 15:08:00,"11.102","8413320"
2021-05-02 03:22:00,"12.013","8413320"
2021-05-02 16:10:00,"10.595","8413320"
2021-05-03 04:26:00,"11.371","8413320"
2021-05-03 17:16:00,"10.228","8413320"
2021-05-04 05:34:00,"10.858","8413320"
2021-05-04 18:22:00,"10.082","8413320"
2021-05-05 06:42:00,"10.556","8413320"
2021-05-05 19:25:00,"10.156","8413320"
2021-05-06 07:46:00,"10.453","8413320"
2021-05-06 20:22:00,"10.376","8413320"
2021-05-07 08:44:00,"10.469","8413320"
2021-05-07 21:12:00,"10.648","8413320"
2021-05-08 09:34:00,"10.516","8413320"
2021-05-08 21:55:00,"10.9","8413320"
2021-05-09 10:20:00,"10.539","8413320"
2021-05-09 22:35:00,"11.088","8413320"
2021-05-10 11:01:00,"10.514","8413320"
2021-05-10 23:11:00,"11.194","8413320"
2021-05-11 11:39:00,"10.436","8413320"
2021-05-11 23:45:00,"11.215","8413320"
2021-05-12 12:16:00,"10.312","8413320"
2021-05-13 00:19:00,"11.161","8413320"
2021-05-13 12:52:00,"10.153","8413320"
2021-05-14 00:54:00,"11.046","8413320"
2021-05-14 13:29:00,"9.973","8413320"
2021-05-15 01:30:00,"10.892","8413320"
2021-05-15 14:07:00,"9.792","8413320"
2021-05-16 02:08:00,"10.723","8413320"
2021-05-16 14:48:00,"9.635","8413320"
2021-05-17 02:50:00,"10.561","8413320"
2021-05-17 15:32:00,"9.538","8413320"
2021-05-18 03:37:00,"10.428","8413320"
2021-05-18 16:21:00,"9.548","8413320"
2021-05-19 04:30:00,"10.351","8413320"
2021-05-19 17:14:00,"9.714","8413320"
2021-05-20 05:27:00,"10.369","8413320"
2021-05-20 18:09:00,"10.074","8413320"
2021-05-21 06:27:00,"10.514","8413320"
2021-05-21 19:05:00,"10.63","8413320"
2021-05-22 07:28:00,"10.788","8413320"
2021-05-22 20:00:00,"11.325","8413320"
2021-05-23 08:27:00,"11.149","8413320"
2021-05-23 20:53:00,"12.064","8413320"
2021-05-24 09:24:00,"11.52","8413320"
2021-05-24 21:44:00,"12.731","8413320"
2021-05-25 10:18:00,"11.818","8413320"
2021-05-25 22:35:00,"13.221","8413320"
2021-05-26 11:12:00,"11.977","8413320"
2021-05-26 23:26:00,"13.459","8413320"
2021-05-27 12:06:00,"11.964","8413320"
2021-05-28 00:18:00,"13.42","8413320"
2021-05-28 13:00:00,"11.784","8413320"
2021-05-29 01:12:00,"13.122","8413320"
2021-05-29 13:56:00,"11.477","8413320"
2021-05-30 02:08:00,"12.628","8413320"
2021-05-30 14:53:00,"11.109","8413320"
2021-05-31 03:06:00,"12.021","8413320"
2021-05-31 15:53:00,"10.758","8413320"
2021-06-01 04:07:00,"11.397","8413320"
2021-06-01 16:53:00,"10.494","8413320"
2021-06-02 05:10:00,"10.842","8413320"
2021-06-02 17:54:00,"10.361","8413320"
2021-06-03 06:13:00,"10.417","8413320"
2021-06-03 18:52:00,"10.365","8413320"
2021-06-04 07:14:00,"10.144","8413320"
2021-06-04 19:46:00,"10.475","8413320"
2021-06-05 08:11:00,"10.005","8413320"
2021-06-05 20:35:00,"10.643","8413320"
2021-06-06 09:03:00,"9.961","8413320"
2021-06-06 21:20:00,"10.824","8413320"
2021-06-07 09:50:00,"9.967","8413320"
2021-06-07 22:01:00,"10.982","8413320"
2021-06-08 10:33:00,"9.99","8413320"
2021-06-08 22:39:00,"11.095","8413320"
2021-06-09 11:13:00,"10.003","8413320"
2021-06-09 23:16:00,"11.157","8413320"
2021-06-10 11:52:00,"9.996","8413320"
2021-06-10 23:52:00,"11.171","8413320"
2021-06-11 12:29:00,"9.969","8413320"
2021-06-12 00:29:00,"11.15","8413320"
2021-06-12 13:06:00,"9.936","8413320"
2021-06-13 01:06:00,"11.108","8413320"
2021-06-13 13:45:00,"9.918","8413320"
2021-06-14 01:45:00,"11.055","8413320"
2021-06-14 14:25:00,"9.94","8413320"
2021-06-15 02:27:00,"10.989","8413320"
2021-06-15 15:08:00,"10.024","8413320"
2021-06-16 03:13:00,"10.907","8413320"
2021-06-16 15:54:00,"10.188","8413320"
2021-06-17 04:04:00,"10.808","8413320"
2021-06-17 16:44:00,"10.446","8413320"
2021-06-18 04:59:00,"10.714","8413320"
2021-06-18 17:37:00,"10.803","8413320"
2021-06-19 05:58:00,"10.665","8413320"
2021-06-19 18:32:00,"11.254","8413320"
2021-06-20 07:00:00,"10.705","8413320"
2021-06-20 19:28:00,"11.768","8413320"
2021-06-21 08:01:00,"10.85","8413320"
2021-06-21 20:25:00,"12.294","8413320"
2021-06-22 09:02:00,"11.069","8413320"
2021-06-22 21:20:00,"12.759","8413320"
2021-06-23 10:00:00,"11.299","8413320"
2021-06-23 22:15:00,"13.092","8413320"
2021-06-24 10:56:00,"11.471","8413320"
2021-06-24 23:09:00,"13.24","8413320"
2021-06-25 11:51:00,"11.541","8413320"
2021-06-26 00:03:00,"13.179","8413320"
2021-06-26 12:46:00,"11.493","8413320"
2021-06-27 00:57:00,"12.915","8413320"
2021-06-27 13:40:00,"11.343","8413320"
2021-06-28 01:51:00,"12.483","8413320"
2021-06-28 14:34:00,"11.128","8413320"
2021-06-29 02:46:00,"11.931","8413320"
2021-06-29 15:28:00,"10.891","8413320"
2021-06-30 03:42:00,"11.319","8413320"
2021-06-30 16:22:00,"10.67","8413320"
2021-07-01 04:39:00,"10.712","8413320"
2021-07-01 17:17:00,"10.499","8413320"
2021-07-02 05:37:00,"10.177","8413320"
2021-07-02 18:10:00,"10.399","8413320"
2021-07-03 06:35:00,"9.769","8413320"
2021-07-03 19:02:00,"10.381","8413320"
2021-07-04 07:32:00,"9.521","8413320"
2021-07-04 19:52:00,"10.441","8413320"
2021-07-05 08:26:00,"9.429","8413320"
2021-07-05 20:40:00,"10.563","8413320"
2021-07-06 09:16:00,"9.458","8413320"
2021-07-06 21:25:00,"10.724","8413320"
2021-07-07 10:02:00,"9.561","8413320"
2021-07-07 22:07:00,"10.898","8413320"
2021-07-08 10:45:00,"9.694","8413320"
2021-07-08 22:48:00,"11.067","8413320"
2021-07-09 11:25:00,"9.832","8413320"
2021-07-09 23:27:00,"11.216","8413320"
2021-07-10 12:04:00,"9.967","8413320"
2021-07-11 00:05:00,"11.339","8413320"
2021-07-11 12:41:00,"10.108","8413320"
2021-07-12 00:44:00,"11.427","8413320"
2021-07-12 13:20:00,"10.268","8413320"
2021-07-13 01:24:00,"11.466","8413320"
2021-07-13 14:00:00,"10.457","8413320"
2021-07-14 02:06:00,"11.437","8413320"
2021-07-14 14:42:00,"10.674","8413320"
2021-07-15 02:52:00,"11.324","8413320"
2021-07-15 15:27:00,"10.906","8413320"
2021-07-16 03:41:00,"11.124","8413320"
2021-07-16 16:16:00,"11.138","8413320"
2021-07-17 04:36:00,"10.868","8413320"
2021-07-17 17:08:00,"11.363","8413320"
2021-07-18 05:35:00,"10.617","8413320"
2021-07-18 18:05:00,"11.592","8413320"
2021-07-19 06:38:00,"10.456","8413320"
2021-07-19 19:04:00,"11.845","8413320"
2021-07-20 07:43:00,"10.445","8413320"
2021-07-20 20:04:00,"12.13","8413320"
2021-07-21 08:47:00,"10.588","8413320"
2021-07-21 21:04:00,"12.425","8413320"
2021-07-22 09:47:00,"10.822","8413320"
2021-07-22 22:02:00,"12.675","8413320"
2021-07-23 10:44:00,"11.063","8413320"
2021-07-23 22:57:00,"12.815","8413320"
2021-07-24 11:38:00,"11.241","8413320"
2021-07-24 23:50:00,"12.794","8413320"
2021-07-25 12:29:00,"11.318","8413320"
2021-07-26 00:42:00,"12.591","8413320"
2021-07-26 13:19:00,"11.287","8413320"
2021-07-27 01:32:00,"12.214","8413320"
2021-07-27 14:08:00,"11.162","8413320"
2021-07-28 02:22:00,"11.697","8413320"
2021-07-28 14:56:00,"10.969","8413320"
2021-07-29 03:12:00,"11.094","8413320"
2021-07-29 15:44:00,"10.737","8413320"
2021-07-30 04:03:00,"10.466","8413320"
2021-07-30 16:33:00,"10.498","8413320"
2021-07-31 04:56:00,"9.884","8413320"
2021-07-31 17:23:00,"10.289","8413320"
2021-08-01 05:52:00,"9.415","8413320"
2021-08-01 18:14:00,"10.148","8413320"
2021-08-02 06:49:00,"9.117","8413320"
2021-08-02 19:07:00,"10.112","8413320"
2021-08-03 07:45:00,"9.015","8413320"
2021-08-03 19:59:00,"10.201","8413320"
2021-08-04 08:39:00,"9.091","8413320"
2021-08-04 20:49:00,"10.406","8413320"
2021-08-05 09:28:00,"9.294","8413320"
2021-08-05 21:35:00,"10.694","8413320"
2021-08-06 10:13:00,"9.573","8413320"
2021-08-06 22:19:00,"11.018","8413320"
2021-08-07 10:54:00,"9.888","8413320"
2021-08-07 23:00:00,"11.337","8413320"
2021-08-08 11:34:00,"10.219","8413320"
2021-08-08 23:40:00,"11.61","8413320"
2021-08-09 12:12:00,"10.556","8413320"
2021-08-10 00:20:00,"11.802","8413320"
2021-08-10 12:51:00,"10.889","8413320"
2021-08-11 01:01:00,"11.88","8413320"
2021-08-11 13:31:00,"11.197","8413320"
2021-08-12 01:45:00,"11.818","8413320"
2021-08-12 14:14:00,"11.45","8413320"
2021-08-13 02:31:00,"11.607","8413320"
2021-08-13 15:00:00,"11.619","8413320"
2021-08-14 03:22:00,"11.263","8413320"
2021-08-14 15:49:00,"11.685","8413320"
2021-08-15 04:17:00,"10.842","8413320"
2021-08-15 16:44:00,"11.662","8413320"
2021-08-16 05:18:00,"10.435","8413320"
2021-08-16 17:43:00,"11.61","8413320"
2021-08-17 06:24:00,"10.16","8413320"
2021-08-17 18:47:00,"11.611","8413320"
2021-08-18 07:32:00,"10.105","8413320"
2021-08-18 19:52:00,"11.729","8413320"
2021-08-19 08:38:00,"10.271","8413320"
2021-08-19 20:55:00,"11.95","8413320"
2021-08-20 09:38:00,"10.573","8413320"
2021-08-20 21:53:00,"12.19","8413320"
2021-08-21 10:33:00,"10.899","8413320"
2021-08-21 22:47:00,"12.349","8413320"
2021-08-22 11:23:00,"11.16","8413320"
2021-08-22 23:37:00,"12.353","8413320"
2021-08-23 12:10:00,"11.305","8413320"
2021-08-24 00:25:00,"12.172","8413320"
2021-08-24 12:54:00,"11.321","8413320"
2021-08-25 01:10:00,"11.819","8413320"
2021-08-25 13:37:00,"11.219","8413320"
2021-08-26 01:55:00,"11.334","8413320"
2021-08-26 14:19:00,"11.019","8413320"
2021-08-27 02:40:00,"10.769","8413320"
2021-08-27 15:02:00,"10.752","8413320"
2021-08-28 03:26:00,"10.182","8413320"
2021-08-28 15:46:00,"10.448","8413320"
2021-08-29 04:15:00,"9.628","8413320"
2021-08-29 16:33:00,"10.149","8413320"
2021-08-30 05:07:00,"9.17","8413320"
2021-08-30 17:24:00,"9.911","8413320"
2021-08-31 06:04:00,"8.871","8413320"
2021-08-31 18:19:00,"9.803","8413320"
2021-09-01 07:03:00,"8.783","8413320"
2021-09-01 19:16:00,"9.879","8413320"
2021-09-02 07:59:00,"8.916","8413320"
2021-09-02 20:10:00,"10.144","8413320"
2021-09-03 08:51:00,"9.233","8413320"
2021-09-03 21:01:00,"10.55","8413320"
2021-09-04 09:37:00,"9.676","8413320"
2021-09-04 21:47:00,"11.023","8413320"
2021-09-05 10:20:00,"10.191","8413320"
2021-09-05 22:30:00,"11.486","8413320"
2021-09-06 11:00:00,"10.733","8413320"
2021-09-06 23:12:00,"11.87","8413320"
2021-09-07 11:40:00,"11.258","8413320"
2021-09-07 23:54:00,"12.117","8413320"
2021-09-08 12:20:00,"11.718","8413320"
2021-09-09 00:38:00,"12.186","8413320"
2021-09-09 13:02:00,"12.06","8413320"
2021-09-10 01:23:00,"12.057","8413320"
2021-09-10 13:46:00,"12.239","8413320"
2021-09-11 02:12:00,"11.738","8413320"
2021-09-11 14:34:00,"12.228","8413320"
2021-09-12 03:05:00,"11.272","8413320"
2021-09-12 15:26:00,"12.041","8413320"
2021-09-13 04:03:00,"10.741","8413320"
2021-09-13 16:24:00,"11.739","8413320"
2021-09-14 05:07:00,"10.269","8413320"
2021-09-14 17:28:00,"11.442","8413320"
2021-09-15 06:16:00,"9.992","8413320"
2021-09-15 18:36:00,"11.284","8413320"
2021-09-16 07:25:00,"9.993","8413320"
2021-09-16 19:45:00,"11.33","8413320"
2021-09-17 08:30:00,"10.238","8413320"
2021-09-17 20:48:00,"11.526","8413320"
2021-09-18 09:27:00,"10.606","8413320"
2021-09-18 21:45:00,"11.746","8413320"
2021-09-19 10:19:00,"10.972","8413320"
2021-09-19 22:35:00,"11.875","8413320"
2021-09-20 11:04:00,"11.248","8413320"
2021-09-20 23:22:00,"11.85","8413320"
2021-09-21 11:47:00,"11.393","8413320"
2021-09-22 00:05:00,"11.661","8413320"
2021-09-22 12:26:00,"11.4","8413320"
2021-09-23 00:46:00,"11.333","8413320"
2021-09-23 13:04:00,"11.282","8413320"
2021-09-24 01:27:00,"10.907","8413320"
2021-09-24 13:42:00,"11.064","8413320"
2021-09-25 02:08:00,"10.428","8413320"
2021-09-25 14:20:00,"10.771","8413320"
2021-09-26 02:50:00,"9.934","8413320"
2021-09-26 15:01:00,"10.433","8413320"
2021-09-27 03:35:00,"9.465","8413320"
2021-09-27 15:46:00,"10.093","8413320"
2021-09-28 04:25:00,"9.07","8413320"
2021-09-28 16:36:00,"9.809","8413320"
2021-09-29 05:20:00,"8.812","8413320"
2021-09-29 17:33:00,"9.663","8413320"
2021-09-30 06:19:00,"8.762","8413320"
2021-09-30 18:32:00,"9.725","8413320"
2021-10-01 07:17:00,"8.961","8413320"
2021-10-01 19:30:00,"10.012","8413320"
2021-10-02 08:10:00,"9.39","8413320"
2021-10-02 20:23:00,"10.474","8413320"
2021-10-03 08:58:00,"9.99","8413320"
2021-10-03 21:12:00,"11.02","8413320"
2021-10-04 09:42:00,"10.689","8413320"
2021-10-04 21:58:00,"11.554","8413320"
2021-10-05 10:24:00,"11.407","8413320"
2021-10-05 22:43:00,"11.987","8413320"
2021-10-06 11:06:00,"12.06","8413320"
2021-10-06 23:29:00,"12.25","8413320"
2021-10-07 11:49:00,"12.565","8413320"
2021-10-08 00:15:00,"12.298","8413320"
2021-10-08 12:33:00,"12.853","8413320"
2021-10-09 01:03:00,"12.121","8413320"
2021-10-09 13:20:00,"12.884","8413320"
2021-10-10 01:54:00,"11.743","8413320"
2021-10-10 14:11:00,"12.659","8413320"
2021-10-11 02:50:00,"11.23","8413320"
2021-10-11 15:06:00,"12.235","8413320"
2021-10-12 03:50:00,"10.686","8413320"
2021-10-12 16:08:00,"11.724","8413320"
2021-10-13 04:56:00,"10.246","8413320"
2021-10-13 17:16:00,"11.277","8413320"
2021-10-14 06:06:00,"10.04","8413320"
2021-10-14 18:26:00,"11.031","8413320"
2021-10-15 07:15:00,"10.115","8413320"
2021-10-15 19:35:00,"11.014","8413320"
2021-10-16 08:17:00,"10.401","8413320"
2021-10-16 20:36:00,"11.135","8413320"
2021-10-17 09:11:00,"10.769","8413320"
2021-10-17 21:31:00,"11.269","8413320"
2021-10-18 09:59:00,"11.107","8413320"
2021-10-18 22:20:00,"11.324","8413320"
2021-10-19 10:42:00,"11.343","8413320"
2021-10-19 23:04:00,"11.261","8413320"
2021-10-20 11:21:00,"11.45","8413320"
2021-10-20 23:44:00,"11.084","8413320"
2021-10-21 11:57:00,"11.431","8413320"
2021-10-22 00:23:00,"10.817","8413320"
2021-10-22 12:32:00,"11.302","8413320"
2021-10-23 01:01:00,"10.49","8413320"
2021-10-23 13:08:00,"11.086","8413320"
2021-10-24 01:39:00,"10.13","8413320"
2021-10-24 13:44:00,"10.807","8413320"
2021-10-25 02:18:00,"9.761","8413320"
2021-10-25 14:23:00,"10.492","8413320"
2021-10-26 03:01:00,"9.41","8413320"
2021-10-26 15:06:00,"10.178","8413320"
2021-10-27 03:48:00,"9.12","8413320"
2021-10-27 15:55:00,"9.915","8413320"
2021-10-28 04:40:00,"8.948","8413320"
2021-10-28 16:49:00,"9.765","8413320"
2021-10-29 05:36:00,"8.967","8413320"
2021-10-29 17:47:00,"9.789","8413320"
2021-10-30 06:33:00,"9.229","8413320"
2021-10-30 18:46:00,"10.017","8413320"
2021-10-31 07:27:00,"9.735","8413320"
2021-10-31 19:43:00,"10.422","8413320"
2021-11-01 08:17:00,"10.432","8413320"
2021-11-01 20:36:00,"10.928","8413320"
2021-11-02 09:04:00,"11.232","8413320"
2021-11-02 21:27:00,"11.44","8413320"
2021-11-03 09:50:00,"12.027","8413320"
2021-11-03 22:16:00,"11.865","8413320"
2021-11-04 10:35:00,"12.708","8413320"
2021-11-04 23:05:00,"12.128","8413320"
2021-11-05 11:21:00,"13.178","8413320"
2021-11-05 23:54:00,"12.182","8413320"
2021-11-06 12:09:00,"13.369","8413320"
2021-11-07 00:45:00,"12.02","8413320"
2021-11-07 11:59:00,"13.264","8413320"
2021-11-08 00:39:00,"11.672","8413320"
2021-11-08 12:52:00,"12.892","8413320"
2021-11-09 01:36:00,"11.212","8413320"
2021-11-09 13:50:00,"12.338","8413320"
2021-11-10 02:37:00,"10.742","8413320"
2021-11-10 14:53:00,"11.723","8413320"
2021-11-11 03:42:00,"10.382","8413320"
2021-11-11 16:01:00,"11.184","8413320"
2021-11-12 04:50:00,"10.227","8413320"
2021-11-12 17:10:00,"10.826","8413320"
2021-11-13 05:55:00,"10.298","8413320"
2021-11-13 18:16:00,"10.666","8413320"
2021-11-14 06:54:00,"10.53","8413320"
2021-11-14 19:17:00,"10.64","8413320"
2021-11-15 07:47:00,"10.82","8413320"
2021-11-15 20:11:00,"10.66","8413320"
2021-11-16 08:34:00,"11.083","8413320"
2021-11-16 20:59:00,"10.659","8413320"
2021-11-17 09:16:00,"11.265","8413320"
2021-11-17 21:43:00,"10.608","8413320"
2021-11-18 09:54:00,"11.349","8413320"
2021-11-18 22:23:00,"10.498","8413320"
2021-11-19 10:30:00,"11.335","8413320"
2021-11-19 23:01:00,"10.339","8413320"
2021-11-20 11:05:00,"11.239","8413320"
2021-11-20 23:37:00,"10.142","8413320"
2021-11-21 11:40:00,"11.077","8413320"
2021-11-22 00:14:00,"9.92","8413320"
2021-11-22 12:16:00,"10.871","8413320"
2021-11-23 00:52:00,"9.694","8413320"
2021-11-23 12:54:00,"10.643","8413320"
2021-11-24 01:32:00,"9.488","8413320"
2021-11-24 13:35:00,"10.416","8413320"
2021-11-25 02:16:00,"9.338","8413320"
2021-11-25 14:21:00,"10.214","8413320"
2021-11-26 03:03:00,"9.29","8413320"
2021-11-26 15:11:00,"10.069","8413320"
2021-11-27 03:55:00,"9.394","8413320"
2021-11-27 16:06:00,"10.02","8413320"
2021-11-28 04:49:00,"9.692","8413320"
2021-11-28 17:05:00,"10.103","8413320"
2021-11-29 05:43:00,"10.195","8413320"
2021-11-29 18:04:00,"10.337","8413320"
2021-11-30 06:36:00,"10.865","8413320"
2021-11-30 19:02:00,"10.694","8413320"
2021-12-01 07:28:00,"11.623","8413320"
2021-12-01 19:58:00,"11.108","8413320"
2021-12-02 08:18:00,"12.363","8413320"
2021-12-02 20:52:00,"11.493","8413320"
2021-12-03 09:08:00,"12.979","8413320"
2021-12-03 21:44:00,"11.769","8413320"
2021-12-04 09:59:00,"13.378","8413320"
2021-12-04 22:37:00,"11.883","8413320"
2021-12-05 10:50:00,"13.507","8413320"
2021-12-05 23:30:00,"11.816","8413320"
2021-12-06 11:42:00,"13.356","8413320"
2021-12-07 00:24:00,"11.588","8413320"
2021-12-07 12:37:00,"12.958","8413320"
2021-12-08 01:21:00,"11.256","8413320"
2021-12-08 13:35:00,"12.384","8413320"
2021-12-09 02:19:00,"10.897","8413320"
2021-12-09 14:35:00,"11.725","8413320"
2021-12-10 03:21:00,"10.592","8413320"
2021-12-10 15:39:00,"11.087","8413320"
2021-12-11 04:23:00,"10.406","8413320"
2021-12-11 16:44:00,"10.56","8413320"
2021-12-12 05:24:00,"10.365","8413320"
2021-12-12 17:48:00,"10.199","8413320"
2021-12-13 06:22:00,"10.448","8413320"
2021-12-13 18:49:00,"10.004","8413320"
2021-12-14 07:15:00,"10.605","8413320"
2021-12-14 19:45:00,"9.933","8413320"
2021-12-15 08:03:00,"10.783","8413320"
2021-12-15 20:34:00,"9.934","8413320"
2021-12-16 08:47:00,"10.94","8413320"
2021-12-16 21:19:00,"9.957","8413320"
2021-12-17 09:27:00,"11.055","8413320"
2021-12-17 22:01:00,"9.972","8413320"
2021-12-18 10:05:00,"11.116","8413320"
2021-12-18 22:39:00,"9.962","8413320"
2021-12-19 10:41:00,"11.123","8413320"
2021-12-19 23:16:00,"9.922","8413320"
2021-12-20 11:17:00,"11.084","8413320"
2021-12-20 23:52:00,"9.861","8413320"
2021-12-21 11:53:00,"11.007","8413320"
2021-12-22 00:29:00,"9.798","8413320"
2021-12-22 12:31:00,"10.902","8413320"
2021-12-23 01:07:00,"9.757","8413320"
2021-12-23 13:10:00,"10.774","8413320"
2021-12-24 01:47:00,"9.764","8413320"
2021-12-24 13:52:00,"10.624","8413320"
2021-12-25 02:30:00,"9.841","8413320"
2021-12-25 14:39:00,"10.458","8413320"
2021-12-26 03:17:00,"10.005","8413320"
2021-12-26 15:31:00,"10.297","8413320"
2021-12-27 04:08:00,"10.274","8413320"
2021-12-27 16:28:00,"10.187","8413320"
2021-12-28 05:03:00,"10.657","8413320"
2021-12-28 17:29:00,"10.188","8413320"
2021-12-29 05:59:00,"11.149","8413320"
2021-12-29 18:32:00,"10.338","8413320"
2021-12-30 06:56:00,"11.72","8413320"
2021-12-30 19:33:00,"10.623","8413320"
2021-12-31 07:53:00,"12.305","8413320"
2021-12-31 20:32:00,"10.752","8413320"
2022-01-01 08:47:00,"12.632","8413320"
2022-01-01 21:29:00,"11.081","8413320"
2022-01-02 09:42:00,"12.992","8413320"
2022-01-02 22:23:00,"11.326","8413320"
2022-01-03 10:36:00,"13.15","8413320"
2022-01-03 23:17:00,"11.443","8413320"
2022-01-04 11:30:00,"13.072","8413320"
2022-01-05 00:11:00,"11.422","8413320"
2022-01-05 12:24:00,"12.76","8413320"
2022-01-06 01:04:00,"11.284","8413320"
2022-01-06 13:19:00,"12.248","8413320"
2022-01-07 01:58:00,"11.065","8413320"
2022-01-07 14:15:00,"11.599","8413320"
2022-01-08 02:53:00,"10.81","8413320"
2022-01-08 15:12:00,"10.894","8413320"
2022-01-09 03:48:00,"10.564","8413320"
2022-01-09 16:12:00,"10.232","8413320"
2022-01-10 04:45:00,"10.369","8413320"
2022-01-10 17:12:00,"9.704","8413320"
2022-01-11 05:40:00,"10.26","8413320"
2022-01-11 18:13:00,"9.371","8413320"
2022-01-12 06:35:00,"10.254","8413320"
2022-01-12 19:11:00,"9.241","8413320"
2022-01-13 07:26:00,"10.344","8413320"
2022-01-13 20:04:00,"9.272","8413320"
2022-01-14 08:14:00,"10.506","8413320"
2022-01-14 20:51:00,"9.399","8413320"
2022-01-15 08:58:00,"10.704","8413320"
2022-01-15 21:34:00,"9.561","8413320"
2022-01-16 09:39:00,"10.903","8413320"
2022-01-16 22:14:00,"9.721","8413320"
2022-01-17 10:17:00,"11.074","8413320"
2022-01-17 22:51:00,"9.863","8413320"
2022-01-18 10:54:00,"11.198","8413320"
2022-01-18 23:26:00,"9.99","8413320"
2022-01-19 11:30:00,"11.266","8413320"
2022-01-20 00:01:00,"10.114","8413320"
2022-01-20 12:06:00,"11.267","8413320"
2022-01-21 00:37:00,"10.249","8413320"
2022-01-21 12:44:00,"11.192","8413320"
2022-01-22 01:15:00,"10.397","8413320"
2022-01-22 13:25:00,"11.027","8413320"
2022-01-23 01:55:00,"10.547","8413320"
2022-01-23 14:09:00,"10.769","8413320"
2022-01-24 02:40:00,"10.684","8413320"
2022-01-24 15:00:00,"10.436","8413320"
2022-01-25 03:29:00,"10.798","8413320"
2022-01-25 15:56:00,"10.087","8413320"
2022-01-26 04:25:00,"10.913","8413320"
2022-01-26 16:59:00,"9.823","8413320"
2022-01-27 05:25:00,"11.079","8413320"
2022-01-27 18:07:00,"9.755","8413320"
2022-01-28 06:30:00,"11.356","8413320"
2022-01-28 19:15:00,"9.931","8413320"
2022-01-29 07:33:00,"11.751","8413320"
2022-01-29 20:19:00,"10.297","8413320"
2022-01-30 08:35:00,"12.2","8413320"
2022-01-30 21:17:00,"10.738","8413320"
2022-01-31 09:32:00,"12.591","8413320"
2022-01-31 22:12:00,"11.138","8413320"
2022-02-01 10:26:00,"12.818","8413320"
2022-02-01 23:04:00,"11.419","8413320"
2022-02-02 11:18:00,"12.812","8413320"
2022-02-02 23:53:00,"11.541","8413320"
2022-02-03 12:09:00,"12.551","8413320"
2022-02-04 00:41:00,"11.497","8413320"
2022-02-04 12:58:00,"12.061","8413320"
2022-02-05 01:29:00,"11.305","8413320"
2022-02-05 13:48:00,"11.404","8413320"
2022-02-06 02:17:00,"10.999","8413320"
2022-02-06 14:39:00,"10.662","8413320"
2022-02-07 03:06:00,"10.627","8413320"
2022-02-07 15:33:00,"9.932","8413320"
2022-02-08 03:57:00,"10.251","8413320"
2022-02-08 16:30:00,"9.313","8413320"
2022-02-09 04:51:00,"9.942","8413320"
2022-02-09 17:30:00,"8.894","8413320"
2022-02-10 05:48:00,"9.774","8413320"
2022-02-10 18:31:00,"8.724","8413320"
2022-02-11 06:45:00,"9.793","8413320"
2022-02-11 19:28:00,"8.788","8413320"
2022-02-12 07:39:00,"9.987","8413320"
2022-02-12 20:19:00,"9.015","8413320"
2022-02-13 08:28:00,"10.301","8413320"
2022-02-13 21:04:00,"9.331","8413320"
2022-02-14 09:12:00,"10.66","8413320"
2022-02-14 21:45:00,"9.677","8413320"
2022-02-15 09:52:00,"11.002","8413320"
2022-02-15 22:22:00,"10.024","8413320"
2022-02-16 10:29:00,"11.282","8413320"
2022-02-16 22:58:00,"10.36","8413320"
2022-02-17 11:06:00,"11.472","8413320"
2022-02-17 23:32:00,"10.677","8413320"
2022-02-18 11:43:00,"11.549","8413320"
2022-02-19 00:08:00,"10.963","8413320"
2022-02-19 12:22:00,"11.496","8413320"
2022-02-20 00:45:00,"11.191","8413320"
2022-02-20 13:03:00,"11.3","8413320"
2022-02-21 01:26:00,"11.325","8413320"
2022-02-21 13:48:00,"10.962","8413320"
2022-02-22 02:11:00,"11.339","8413320"
2022-02-22 14:39:00,"10.514","8413320"
2022-02-23 03:02:00,"11.234","8413320"
2022-02-23 15:37:00,"10.032","8413320"
2022-02-24 03:59:00,"11.067","8413320"
2022-02-24 16:42:00,"9.648","8413320"
2022-02-25 05:05:00,"10.955","8413320"
2022-02-25 17:53:00,"9.513","8413320"
2022-02-26 06:15:00,"11.032","8413320"
2022-02-26 19:04:00,"9.702","8413320"
2022-02-27 07:24:00,"11.335","8413320"
2022-02-27 20:09:00,"10.143","8413320"
2022-02-28 08:27:00,"11.763","8413320"
2022-02-28 21:07:00,"10.68","8413320"
2022-03-01 09:24:00,"12.159","8413320"
2022-03-01 21:59:00,"11.174","8413320"
2022-03-02 10:16:00,"12.389","8413320"
2022-03-02 22:47:00,"11.528","8413320"
2022-03-03 11:04:00,"12.383","8413320"
2022-03-03 23:31:00,"11.694","8413320"
2022-03-04 11:51:00,"12.134","8413320"
2022-03-05 00:15:00,"11.663","8413320"
2022-03-05 12:36:00,"11.677","8413320"
2022-03-06 00:57:00,"11.454","8413320"
2022-03-06 13:21:00,"11.076","8413320"
2022-03-07 01:39:00,"11.105","8413320"
2022-03-07 14:06:00,"10.405","8413320"
2022-03-08 02:23:00,"10.665","8413320"
2022-03-08 14:54:00,"9.737","8413320"
2022-03-09 03:09:00,"10.197","8413320"
2022-03-09 15:47:00,"9.148","8413320"
2022-03-10 04:01:00,"9.778","8413320"
2022-03-10 16:44:00,"8.722","8413320"
2022-03-11 04:59:00,"9.503","8413320"
2022-03-11 17:45:00,"8.531","8413320"
2022-03-12 06:00:00,"9.454","8413320"
2022-03-12 18:45:00,"8.605","8413320"
2022-03-13 07:58:00,"9.648","8413320"
2022-03-13 20:40:00,"8.9","8413320"
2022-03-14 08:51:00,"10.022","8413320"
2022-03-14 21:27:00,"9.34","8413320"
2022-03-15 09:38:00,"10.477","8413320"
2022-03-15 22:09:00,"9.856","8413320"
2022-03-16 10:20:00,"10.929","8413320"
2022-03-16 22:47:00,"10.398","8413320"
2022-03-17 11:00:00,"11.315","8413320"
2022-03-17 23:23:00,"10.926","8413320"
2022-03-18 11:39:00,"11.588","8413320"
2022-03-19,"11.399","8413320"
2022-03-19 12:18:00,"11.714","8413320"
2022-03-20 00:37:00,"11.772","8413320"
2022-03-20 13:00:00,"11.669","8413320"
2022-03-21 01:17:00,"11.994","8413320"
2022-03-21 13:44:00,"11.446","8413320"
2022-03-22 02:00:00,"12.026","8413320"
2022-03-22 14:32:00,"11.06","8413320"
2022-03-23 02:48:00,"11.859","8413320"
2022-03-23 15:25:00,"10.563","8413320"
2022-03-24 03:42:00,"11.529","8413320"
2022-03-24 16:25:00,"10.054","8413320"
2022-03-25 04:44:00,"11.143","8413320"
2022-03-25 17:33:00,"9.684","8413320"
2022-03-26 05:53:00,"10.863","8413320"
2022-03-26 18:46:00,"9.605","8413320"
2022-03-27 07:07:00,"10.836","8413320"
2022-03-27 19:56:00,"9.861","8413320"
2022-03-28 08:16:00,"11.065","8413320"
2022-03-28 20:58:00,"10.343","8413320"
2022-03-29 09:18:00,"11.41","8413320"
2022-03-29 21:53:00,"10.887","8413320"
2022-03-30 10:12:00,"11.707","8413320"
2022-03-30 22:41:00,"11.355","8413320"
2022-03-31 11:02:00,"11.847","8413320"
2022-03-31 23:25:00,"11.664","8413320"
2022-04-01 11:47:00,"11.791","8413320"
2022-04-02 00:07:00,"11.781","8413320"
2022-04-02 12:30:00,"11.549","8413320"
2022-04-03 00:46:00,"11.709","8413320"
2022-04-03 13:12:00,"11.163","8413320"
2022-04-04 01:24:00,"11.477","8413320"
2022-04-04 13:53:00,"10.684","8413320"
2022-04-05 02:03:00,"11.125","8413320"
2022-04-05 14:36:00,"10.164","8413320"
2022-04-06 02:43:00,"10.699","8413320"
2022-04-06 15:20:00,"9.647","8413320"
2022-04-07 03:27:00,"10.25","8413320"
2022-04-07 16:08:00,"9.184","8413320"
2022-04-08 04:16:00,"9.838","8413320"
2022-04-08 17:01:00,"8.837","8413320"
2022-04-09 05:12:00,"9.544","8413320"
2022-04-09 17:59:00,"8.679","8413320"
2022-04-10 06:12:00,"9.445","8413320"
2022-04-10 18:58:00,"8.766","8413320"
2022-04-11 07:11:00,"9.578","8413320"
2022-04-11 19:53:00,"9.096","8413320"
2022-04-12 08:07:00,"9.908","8413320"
2022-04-12 20:42:00,"9.614","8413320"
2022-04-13 08:57:00,"10.352","8413320"
2022-04-13 21:26:00,"10.249","8413320"
2022-04-14 09:43:00,"10.823","8413320"
2022-04-14 22:06:00,"10.928","8413320"
2022-04-15 10:27:00,"11.246","8413320"
2022-04-15 22:46:00,"11.579","8413320"
2022-04-16 11:10:00,"11.56","8413320"
2022-04-16 23:26:00,"12.127","8413320"
2022-04-17 11:54:00,"11.718","8413320"
2022-04-18 00:08:00,"12.501","8413320"
2022-04-18 12:39:00,"11.692","8413320"
2022-04-19 00:52:00,"12.649","8413320"
2022-04-19 13:27:00,"11.483","8413320"
2022-04-20 01:40:00,"12.552","8413320"
2022-04-20 14:19:00,"11.122","8413320"
2022-04-21 02:32:00,"12.232","8413320"
2022-04-21 15:16:00,"10.68","8413320"
2022-04-22 03:30:00,"11.766","8413320"
2022-04-22 16:18:00,"10.266","8413320"
2022-04-23 04:35:00,"11.282","8413320"
2022-04-23 17:26:00,"10.017","8413320"
2022-04-24 05:45:00,"10.932","8413320"
2022-04-24 18:36:00,"10.034","8413320"
2022-04-25 06:57:00,"10.812","8413320"
2022-04-25 19:42:00,"10.309","8413320"
2022-04-26 08:03:00,"10.89","8413320"
2022-04-26 20:41:00,"10.729","8413320"
2022-04-27 09:03:00,"11.05","8413320"
2022-04-27 21:32:00,"11.16","8413320"
2022-04-28 09:56:00,"11.177","8413320"
2022-04-28 22:19:00,"11.498","8413320"
2022-04-29 10:44:00,"11.202","8413320"
2022-04-29 23:01:00,"11.688","8413320"
2022-04-30 11:28:00,"11.107","8413320"
2022-04-30 23:40:00,"11.718","8413320"
2022-05-01 12:10:00,"10.906","8413320"
2022-05-02 00:17:00,"11.606","8413320"
2022-05-02 12:49:00,"10.628","8413320"
2022-05-03 00:54:00,"11.383","8413320"
2022-05-03 13:29:00,"10.304","8413320"
2022-05-04 01:32:00,"11.085","8413320"
2022-05-04 14:08:00,"9.963","8413320"
2022-05-05 02:11:00,"10.745","8413320"
2022-05-05 14:50:00,"9.631","8413320"
2022-05-06 02:53:00,"10.397","8413320"
2022-05-06 15:35:00,"9.342","8413320"
2022-05-07 03:40:00,"10.079","8413320"
2022-05-07 16:23:00,"9.141","8413320"
2022-05-08 04:30:00,"9.833","8413320"
2022-05-08 17:16:00,"9.085","8413320"
2022-05-09 05:25:00,"9.71","8413320"
2022-05-09 18:10:00,"9.223","8413320"
2022-05-10 06:22:00,"9.747","8413320"
2022-05-10 19:02:00,"9.574","8413320"
2022-05-11 07:19:00,"9.948","8413320"
2022-05-11 19:52:00,"10.113","8413320"
2022-05-12 08:12:00,"10.279","8413320"
2022-05-12 20:39:00,"10.779","8413320"
2022-05-13 09:03:00,"10.678","8413320"
2022-05-13 21:25:00,"11.489","8413320"
2022-05-14 09:53:00,"11.07","8413320"
2022-05-14 22:09:00,"12.152","8413320"
2022-05-15 10:41:00,"11.387","8413320"
2022-05-15 22:55:00,"12.677","8413320"
2022-05-16 11:30:00,"11.573","8413320"
2022-05-16 23:42:00,"12.993","8413320"
2022-05-17 12:21:00,"11.599","8413320"
2022-05-18 00:31:00,"13.063","8413320"
2022-05-18 13:13:00,"11.468","8413320"
2022-05-19 01:24:00,"12.887","8413320"
2022-05-19 14:08:00,"11.22","8413320"
2022-05-20 02:20:00,"12.511","8413320"
2022-05-20 15:07:00,"10.925","8413320"
2022-05-21 03:20:00,"12.014","8413320"
2022-05-21 16:09:00,"10.672","8413320"
2022-05-22 04:25:00,"11.501","8413320"
2022-05-22 17:14:00,"10.545","8413320"
2022-05-23 05:33:00,"11.073","8413320"
2022-05-23 18:18:00,"10.585","8413320"
2022-05-24 06:40:00,"10.79","8413320"
2022-05-24 19:19:00,"10.769","8413320"
2022-05-25 07:44:00,"10.647","8413320"
2022-05-25 20:16:00,"11.025","8413320"
2022-05-26 08:42:00,"10.594","8413320"
2022-05-26 21:06:00,"11.27","8413320"
2022-05-27 09:35:00,"10.568","8413320"
2022-05-27 21:52:00,"11.445","8413320"
2022-05-28 10:23:00,"10.526","8413320"
2022-05-28 22:34:00,"11.521","8413320"
2022-05-29 11:07:00,"10.448","8413320"
2022-05-29 23:13:00,"11.501","8413320"
2022-05-30 11:48:00,"10.33","8413320"
2022-05-30 23:51:00,"11.4","8413320"
2022-05-31 12:28:00,"10.181","8413320"
2022-06-01 00:28:00,"11.243","8413320"
2022-06-01 13:06:00,"10.016","8413320"
2022-06-02 01:06:00,"11.05","8413320"
2022-06-02 13:44:00,"9.848","8413320"
2022-06-03 01:45:00,"10.837","8413320"
2022-06-03 14:24:00,"9.699","8413320"
2022-06-04 02:25:00,"10.619","8413320"
2022-06-04 15:05:00,"9.593","8413320"
2022-06-05 03:08:00,"10.409","8413320"
2022-06-05 15:49:00,"9.561","8413320"
2022-06-06 03:54:00,"10.221","8413320"
2022-06-06 16:35:00,"9.635","8413320"
2022-06-07 04:44:00,"10.079","8413320"
2022-06-07 17:24:00,"9.842","8413320"
2022-06-08 05:37:00,"10.013","8413320"
2022-06-08 18:14:00,"10.195","8413320"
2022-06-09 06:33:00,"10.054","8413320"
2022-06-09 19:05:00,"10.685","8413320"
2022-06-10 07:30:00,"10.217","8413320"
2022-06-10 19:56:00,"11.274","8413320"
2022-06-11 08:27:00,"10.484","8413320"
2022-06-11 20:46:00,"11.896","8413320"
2022-06-12 09:22:00,"10.804","8413320"
2022-06-12 21:37:00,"12.472","8413320"
2022-06-13 10:16:00,"11.111","8413320"
2022-06-13 22:29:00,"12.924","8413320"
2022-06-14 11:10:00,"11.345","8413320"
2022-06-14 23:21:00,"13.19","8413320"
2022-06-15 12:04:00,"11.47","8413320"
2022-06-16 00:15:00,"13.238","8413320"
2022-06-16 12:59:00,"11.48","8413320"
2022-06-17 01:11:00,"13.066","8413320"
2022-06-17 13:55:00,"11.398","8413320"
2022-06-18 02:08:00,"12.704","8413320"
2022-06-18 14:53:00,"11.266","8413320"
2022-06-19 03:08:00,"12.205","8413320"
2022-06-19 15:52:00,"11.131","8413320"
2022-06-20 04:09:00,"11.638","8413320"
2022-06-20 16:52:00,"11.029","8413320"
2022-06-21 05:12:00,"11.082","8413320"
2022-06-21 17:52:00,"10.981","8413320"
2022-06-22 06:16:00,"10.608","8413320"
2022-06-22 18:50:00,"10.988","8413320"
2022-06-23 07:18:00,"10.264","8413320"
2022-06-23 19:44:00,"11.035","8413320"
2022-06-24 08:17:00,"10.056","8413320"
2022-06-24 20:36:00,"11.098","8413320"
2022-06-25 09:11:00,"9.958","8413320"
2022-06-25 21:23:00,"11.156","8413320"
2022-06-26 10:00:00,"9.926","8413320"
2022-06-26 22:07:00,"11.196","8413320"
2022-06-27 10:45:00,"9.923","8413320"
2022-06-27 22:49:00,"11.211","8413320"
2022-06-28 11:26:00,"9.922","8413320"
2022-06-28 23:28:00,"11.199","8413320"
2022-06-29 12:05:00,"9.914","8413320"
2022-06-30 00:06:00,"11.159","8413320"
2022-06-30 12:43:00,"9.901","8413320"
2022-07-01 00:43:00,"11.093","8413320"
2022-07-01 13:20:00,"9.893","8413320"
2022-07-02 01:21:00,"11.0","8413320"
2022-07-02 13:57:00,"9.908","8413320"
2022-07-03 01:59:00,"10.88","8413320"
2022-07-03 14:35:00,"9.962","8413320"
2022-07-04 02:39:00,"10.735","8413320"
2022-07-04 15:15:00,"10.07","8413320"
2022-07-05 03:22:00,"10.566","8413320"
2022-07-05 15:57:00,"10.24","8413320"
2022-07-06 04:08:00,"10.383","8413320"
2022-07-06 16:42:00,"10.471","8413320"
2022-07-07 04:59:00,"10.212","8413320"
2022-07-07 17:31:00,"10.765","8413320"
2022-07-08 05:56:00,"10.097","8413320"
2022-07-08 18:24:00,"11.121","8413320"
2022-07-09 06:55:00,"10.093","8413320"
2022-07-09 19:19:00,"11.539","8413320"
2022-07-10 07:57:00,"10.231","8413320"
2022-07-10 20:16:00,"12.002","8413320"
2022-07-11 08:57:00,"10.495","8413320"
2022-07-11 21:13:00,"12.468","8413320"
2022-07-12 09:56:00,"10.827","8413320"
2022-07-12 22:10:00,"12.872","8413320"
2022-07-13 10:53:00,"11.156","8413320"
2022-07-13 23:06:00,"13.143","8413320"
2022-07-14 11:49:00,"11.421","8413320"
2022-07-15 00:02:00,"13.225","8413320"
2022-07-15 12:44:00,"11.587","8413320"
2022-07-16 00:58:00,"13.085","8413320"
2022-07-16 13:38:00,"11.646","8413320"
2022-07-17 01:53:00,"12.729","8413320"
2022-07-17 14:33:00,"11.602","8413320"
2022-07-18 02:50:00,"12.193","8413320"
2022-07-18 15:27:00,"11.474","8413320"
2022-07-19 03:47:00,"11.543","8413320"
2022-07-19 16:22:00,"11.287","8413320"
2022-07-20 04:46:00,"10.866","8413320"
2022-07-20 17:18:00,"11.074","8413320"
2022-07-21 05:46:00,"10.257","8413320"
2022-07-21 18:13:00,"10.877","8413320"
2022-07-22 06:47:00,"9.798","8413320"
2022-07-22 19:09:00,"10.739","8413320"
2022-07-23 07:46:00,"9.53","8413320"
2022-07-23 20:02:00,"10.686","8413320"
2022-07-24 08:42:00,"9.442","8413320"
2022-07-24 20:53:00,"10.721","8413320"
2022-07-25 09:33:00,"9.484","8413320"
2022-07-25 21:40:00,"10.821","8413320"
2022-07-26 10:19:00,"9.598","8413320"
2022-07-26 22:24:00,"10.953","8413320"
2022-07-27 11:01:00,"9.739","8413320"
2022-07-27 23:05:00,"11.079","8413320"
2022-07-28 11:40:00,"9.882","8413320"
2022-07-28 23:43:00,"11.172","8413320"
2022-07-29 12:16:00,"10.022","8413320"
2022-07-30 00:20:00,"11.214","8413320"
2022-07-30 12:52:00,"10.161","8413320"
2022-07-31 00:56:00,"11.199","8413320"
2022-07-31 13:27:00,"10.312","8413320"
2022-08-01 01:33:00,"11.124","8413320"
2022-08-01 14:03:00,"10.479","8413320"
2022-08-02 02:11:00,"10.989","8413320"
2022-08-02 14:40:00,"10.66","8413320"
2022-08-03 02:53:00,"10.792","8413320"
2022-08-03 15:21:00,"10.838","8413320"
2022-08-04 03:38:00,"10.541","8413320"
2022-08-04 16:06:00,"10.998","8413320"
2022-08-05 04:30:00,"10.263","8413320"
2022-08-05 16:56:00,"11.138","8413320"
2022-08-06 05:27:00,"10.019","8413320"
2022-08-06 17:52:00,"11.288","8413320"
2022-08-07 06:30:00,"9.896","8413320"
2022-08-07 18:52:00,"11.502","8413320"
2022-08-08 07:36:00,"9.97","8413320"
2022-08-08 19:56:00,"11.82","8413320"
2022-08-09 08:41:00,"10.252","8413320"
2022-08-09 20:58:00,"12.225","8413320"
2022-08-10 09:42:00,"10.674","8413320"
2022-08-10 21:58:00,"12.633","8413320"
2022-08-11 10:39:00,"11.132","8413320"
2022-08-11 22:55:00,"12.933","8413320"
2022-08-12 11:34:00,"11.529","8413320"
2022-08-12 23:49:00,"13.034","8413320"
2022-08-13 12:25:00,"11.799","8413320"
2022-08-14 00:42:00,"12.888","8413320"
2022-08-14 13:16:00,"11.905","8413320"
2022-08-15 01:35:00,"12.499","8413320"
2022-08-15 14:06:00,"11.841","8413320"
2022-08-16 02:27:00,"11.915","8413320"
2022-08-16 14:56:00,"11.623","8413320"
2022-08-17 03:20:00,"11.215","8413320"
2022-08-17 15:46:00,"11.291","8413320"
2022-08-18 04:15:00,"10.492","8413320"
2022-08-18 16:38:00,"10.905","8413320"
2022-08-19 05:12:00,"9.848","8413320"
2022-08-19 17:33:00,"10.543","8413320"
2022-08-20 06:12:00,"9.37","8413320"
2022-08-20 18:29:00,"10.287","8413320"
2022-08-21 07:12:00,"9.117","8413320"
2022-08-21 19:27:00,"10.197","8413320"
2022-08-22 08:10:00,"9.088","8413320"
2022-08-22 20:21:00,"10.279","8413320"
2022-08-23 09:02:00,"9.234","8413320"
2022-08-23 21:12:00,"10.49","8413320"
2022-08-24 09:49:00,"9.484","8413320"
2022-08-24 21:57:00,"10.757","8413320"
2022-08-25 10:31:00,"9.78","8413320"
2022-08-25 22:38:00,"11.014","8413320"
2022-08-26 11:09:00,"10.083","8413320"
2022-08-26 23:16:00,"11.214","8413320"
2022-08-27 11:44:00,"10.377","8413320"
2022-08-27 23:53:00,"11.335","8413320"
2022-08-28 12:19:00,"10.654","8413320"
2022-08-29 00:29:00,"11.366","8413320"
2022-08-29 12:53:00,"10.91","8413320"
2022-08-30 01:06:00,"11.306","8413320"
2022-08-30 13:28:00,"11.133","8413320"
2022-08-31 01:45:00,"11.151","8413320"
2022-08-31 14:06:00,"11.3","8413320"
2022-09-01 02:27:00,"10.903","8413320"
2022-09-01 14:48:00,"11.385","8413320"
2022-09-02 03:14:00,"10.573","8413320"
2022-09-02 15:35:00,"11.376","8413320"
2022-09-03 04:08:00,"10.204","8413320"
2022-09-03 16:29:00,"11.297","8413320"
2022-09-04 05:08:00,"9.882","8413320"
2022-09-04 17:29:00,"11.227","8413320"
2022-09-05 06:15:00,"9.728","8413320"
2022-09-05 18:36:00,"11.277","8413320"
2022-09-06 07:24:00,"9.842","8413320"
2022-09-06 19:44:00,"11.516","8413320"
2022-09-07 08:31:00,"10.222","8413320"
2022-09-07 20:49:00,"11.903","8413320"
2022-09-08 09:31:00,"10.759","8413320"
2022-09-08 21:49:00,"12.303","8413320"
2022-09-09 10:26:00,"11.312","8413320"
2022-09-09 22:44:00,"12.578","8413320"
2022-09-10 11:16:00,"11.762","8413320"
2022-09-10 23:35:00,"12.635","8413320"
2022-09-11 12:04:00,"12.032","8413320"
2022-09-12 00:25:00,"12.443","8413320"
2022-09-12 12:50:00,"12.086","8413320"
2022-09-13 01:13:00,"12.026","8413320"
2022-09-13 13:35:00,"11.929","8413320"
2022-09-14 02:01:00,"11.444","8413320"
2022-09-14 14:20:00,"11.595","8413320"
2022-09-15 02:50:00,"10.774","8413320"
2022-09-15 15:07:00,"11.144","8413320"
2022-09-16 03:41:00,"10.102","8413320"
2022-09-16 15:56:00,"10.65","8413320"
2022-09-17 04:35:00,"9.511","8413320"
2022-09-17 16:49:00,"10.202","8413320"
2022-09-18 05:33:00,"9.081","8413320"
2022-09-18 17:47:00,"9.896","8413320"
2022-09-19 06:34:00,"8.878","8413320"
2022-09-19 18:47:00,"9.802","8413320"
2022-09-20 07:32:00,"8.919","8413320"
2022-09-20 19:45:00,"9.928","8413320"
2022-09-21 08:26:00,"9.164","8413320"
2022-09-21 20:37:00,"10.211","8413320"
2022-09-22 09:13:00,"9.542","8413320"
2022-09-22 21:24:00,"10.561","8413320"
2022-09-23 09:54:00,"9.986","8413320"
2022-09-23 22:06:00,"10.901","8413320"
2022-09-24 10:32:00,"10.447","8413320"
2022-09-24 22:45:00,"11.18","8413320"
2022-09-25 11:08:00,"10.891","8413320"
2022-09-25 23:22:00,"11.366","8413320"
2022-09-26 11:42:00,"11.291","8413320"
2022-09-27,"11.445","8413320"
2022-09-27 12:18:00,"11.619","8413320"
2022-09-28 00:39:00,"11.403","8413320"
2022-09-28 12:55:00,"11.84","8413320"
2022-09-29 01:21:00,"11.234","8413320"
2022-09-29 13:36:00,"11.923","8413320"
2022-09-30 02:06:00,"10.945","8413320"
2022-09-30 14:21:00,"11.85","8413320"
2022-10-01 02:56:00,"10.564","8413320"
2022-10-01 15:12:00,"11.636","8413320"
2022-10-02 03:53:00,"10.158","8413320"
2022-10-02 16:10:00,"11.35","8413320"
2022-10-03 04:57:00,"9.842","8413320"
2022-10-03 17:16:00,"11.116","8413320"
2022-10-04 06:07:00,"9.757","8413320"
2022-10-04 18:27:00,"11.066","8413320"
2022-10-05 07:17:00,"9.978","8413320"
2022-10-05 19:37:00,"11.247","8413320"
2022-10-06 08:21:00,"10.452","8413320"
2022-10-06 20:41:00,"11.565","8413320"
2022-10-07 09:18:00,"11.033","8413320"
2022-10-07 21:39:00,"11.872","8413320"
2022-10-08 10:09:00,"11.574","8413320"
2022-10-08 22:31:00,"12.046","8413320"
2022-10-09 10:56:00,"11.964","8413320"
2022-10-09 23:20:00,"12.025","8413320"
2022-10-10 11:40:00,"12.143","8413320"
2022-10-11 00:06:00,"11.802","8413320"
2022-10-11 12:23:00,"12.098","8413320"
2022-10-12 00:51:00,"11.411","8413320"
2022-10-12 13:04:00,"11.854","8413320"
2022-10-13 01:35:00,"10.907","8413320"
2022-10-13 13:46:00,"11.461","8413320"
2022-10-14 02:20:00,"10.352","8413320"
2022-10-14 14:29:00,"10.981","8413320"
2022-10-15 03:07:00,"9.806","8413320"
2022-10-15 15:16:00,"10.483","8413320"
2022-10-16 03:58:00,"9.329","8413320"
2022-10-16 16:07:00,"10.039","8413320"
2022-10-17 04:53:00,"8.986","8413320"
2022-10-17 17:03:00,"9.726","8413320"
2022-10-18 05:51:00,"8.842","8413320"
2022-10-18 18:03:00,"9.607","8413320"
2022-10-19 06:48:00,"8.932","8413320"
2022-10-19 19:01:00,"9.697","8413320"
2022-10-20 07:42:00,"9.238","8413320"
2022-10-20 19:55:00,"9.953","8413320"
2022-10-21 08:29:00,"9.702","8413320"
2022-10-21 20:44:00,"10.3","8413320"
2022-10-22 09:12:00,"10.259","8413320"
2022-10-22 21:28:00,"10.669","8413320"
2022-10-23 09:51:00,"10.85","8413320"
2022-10-23 22:10:00,"11.003","8413320"
2022-10-24 10:29:00,"11.419","8413320"
2022-10-24 22:51:00,"11.259","8413320"
2022-10-25 11:06:00,"11.912","8413320"
2022-10-25 23:32:00,"11.402","8413320"
2022-10-26 11:45:00,"12.276","8413320"
2022-10-27 00:15:00,"11.407","8413320"
2022-10-27 12:27:00,"12.464","8413320"
2022-10-28 01:00:00,"11.264","8413320"
2022-10-28 13:12:00,"12.449","8413320"
2022-10-29 01:49:00,"10.988","8413320"
2022-10-29 14:01:00,"12.235","8413320"
2022-10-30 02:43:00,"10.628","8413320"
2022-10-30 14:57:00,"11.87","8413320"
2022-10-31 03:43:00,"10.272","8413320"
2022-10-31 15:59:00,"11.449","8413320"
2022-11-01 04:49:00,"10.044","8413320"
2022-11-01 17:07:00,"11.105","8413320"
2022-11-02 05:58:00,"10.055","8413320"
2022-11-02 18:19:00,"10.948","8413320"
2022-11-03 07:05:00,"10.33","8413320"
2022-11-03 19:27:00,"10.989","8413320"
2022-11-04 08:06:00,"10.785","8413320"
2022-11-04 20:30:00,"11.142","8413320"
2022-11-05 09:01:00,"11.282","8413320"
2022-11-05 21:26:00,"11.29","8413320"
2022-11-06 08:50:00,"11.697","8413320"
2022-11-06 21:17:00,"11.349","8413320"
2022-11-07 09:35:00,"11.953","8413320"
2022-11-07 22:04:00,"11.281","8413320"
2022-11-08 10:17:00,"12.018","8413320"
2022-11-08 22:48:00,"11.085","8413320"
2022-11-09 10:57:00,"11.903","8413320"
2022-11-09 23:30:00,"10.787","8413320"
2022-11-10 11:36:00,"11.645","8413320"
2022-11-11 00:11:00,"10.423","8413320"
2022-11-11 12:16:00,"11.292","8413320"
2022-11-12 00:53:00,"10.033","8413320"
2022-11-12 12:57:00,"10.891","8413320"
2022-11-13 01:37:00,"9.655","8413320"
2022-11-13 13:41:00,"10.483","8413320"
2022-11-14 02:23:00,"9.329","8413320"
2022-11-14 14:28:00,"10.11","8413320"
2022-11-15 03:12:00,"9.1","8413320"
2022-11-15 15:19:00,"9.811","8413320"
2022-11-16 04:05:00,"9.021","8413320"
2022-11-16 16:14:00,"9.631","8413320"
2022-11-17 04:59:00,"9.13","8413320"
2022-11-17 17:11:00,"9.602","8413320"
2022-11-18 05:51:00,"9.436","8413320"
2022-11-18 18:06:00,"9.729","8413320"
2022-11-19 06:39:00,"9.913","8413320"
2022-11-19 18:58:00,"9.986","8413320"
2022-11-20 07:25:00,"10.509","8413320"
2022-11-20 19:48:00,"10.325","8413320"
2022-11-21 08:08:00,"11.161","8413320"
2022-11-21 20:35:00,"10.687","8413320"
2022-11-22 08:50:00,"11.796","8413320"
2022-11-22 21:21:00,"11.01","8413320"
2022-11-23 09:33:00,"12.34","8413320"
2022-11-23 22:07:00,"11.239","8413320"
2022-11-24 10:18:00,"12.724","8413320"
2022-11-24 22:54:00,"11.335","8413320"
2022-11-25 11:04:00,"12.898","8413320"
2022-11-25 23:44:00,"11.285","8413320"
2022-11-26 11:54:00,"12.843","8413320"
2022-11-27 00:36:00,"11.109","8413320"
2022-11-27 12:48:00,"12.572","8413320"
2022-11-28 01:32:00,"10.859","8413320"
2022-11-28 13:46:00,"12.141","8413320"
2022-11-29 02:32:00,"10.617","8413320"
2022-11-29 14:48:00,"11.636","8413320"
2022-11-30 03:36:00,"10.472","8413320"
2022-11-30 15:55:00,"11.163","8413320"
2022-12-01 04:42:00,"10.49","8413320"
2022-12-01 17:04:00,"10.816","8413320"
2022-12-02 05:45:00,"10.675","8413320"
2022-12-02 18:11:00,"10.63","8413320"
2022-12-03 06:45:00,"10.967","8413320"
2022-12-03 19:13:00,"10.574","8413320"
2022-12-04 07:39:00,"11.273","8413320"
2022-12-04 20:10:00,"10.578","8413320"
2022-12-05 08:29:00,"11.515","8413320"
2022-12-05 21:01:00,"10.579","8413320"
2022-12-06 09:14:00,"11.647","8413320"
2022-12-06 21:48:00,"10.536","8413320"
2022-12-07 09:56:00,"11.659","8413320"
2022-12-07 22:31:00,"10.432","8413320"
2022-12-08 10:35:00,"11.565","8413320"
2022-12-08 23:11:00,"10.276","8413320"
2022-12-09 11:14:00,"11.392","8413320"
2022-12-09 23:50:00,"10.083","8413320"
2022-12-10 11:52:00,"11.167","8413320"
2022-12-11 00:29:00,"9.876","8413320"
2022-12-11 12:31:00,"10.909","8413320"
2022-12-12 01:09:00,"9.679","8413320"
2022-12-12 13:12:00,"10.63","8413320"
2022-12-13 01:50:00,"9.516","8413320"
2022-12-13 13:54:00,"10.343","8413320"
2022-12-14 02:33:00,"9.414","8413320"
2022-12-14 14:39:00,"10.064","8413320"
2022-12-15 03:18:00,"9.404","8413320"
2022-12-15 15:28:00,"9.819","8413320"
2022-12-16 04:06:00,"9.513","8413320"
2022-12-16 16:20:00,"9.649","8413320"
2022-12-17 04:56:00,"9.764","8413320"
2022-12-17 17:15:00,"9.599","8413320"
2022-12-18 05:47:00,"10.161","8413320"
2022-12-18 18:11:00,"9.699","8413320"
2022-12-19 06:37:00,"10.686","8413320"
2022-12-19 19:07:00,"9.945","8413320"
2022-12-20 07:27:00,"11.293","8413320"
2022-12-20 20:01:00,"10.292","8413320"
2022-12-21 08:17:00,"11.917","8413320"
2022-12-21 20:54:00,"10.671","8413320"
2022-12-22 09:06:00,"12.478","8413320"
2022-12-22 21:45:00,"11.009","8413320"
2022-12-23 09:57:00,"12.9","8413320"
2022-12-23 22:37:00,"11.251","8413320"
2022-12-24 10:48:00,"13.12","8413320"
2022-12-24 23:29:00,"11.368","8413320"
2022-12-25 11:41:00,"13.104","8413320"
2022-12-26 00:22:00,"11.363","8413320"
2022-12-26 12:36:00,"12.848","8413320"
2022-12-27 01:18:00,"11.264","8413320"
2022-12-27 13:33:00,"12.387","8413320"
2022-12-28 02:15:00,"11.115","8413320"
2022-12-28 14:33:00,"11.787","8413320"
2022-12-29 03:15:00,"10.963","8413320"
2022-12-29 15:36:00,"11.145","8413320"
2022-12-30 04:16:00,"10.853","8413320"
2022-12-30 16:42:00,"10.569","8413320"
2022-12-31 05:17:00,"10.811","8413320"
2022-12-31 17:48:00,"10.151","8413320"
